8058.T,三菱商事
8001.T,伊藤忠商事
8031.T,三井物産
8002.T,丸紅
8053.T,住友商事
8316.T,三井住友フィナンシャルグループ
8411.T,みずほフィナンシャルグループ
8306.T,三菱UFJフィナンシャル・グループ
8308.T,りそなホールディングス
8309.T,三井住友トラスト・ホールディングス
9434.T,ソフトバンク
9433.T,KDDI
9432.T,日本電信電話
1605.T,INPEX
5020.T,ENEOSホールディングス
5019.T,出光興産
9101.T,日本郵船
9104.T,商船三井
9107.T,川崎汽船
2914.T,日本たばこ産業
8591.T,オリックス
7751.T,キヤノン
5401.T,日本製鉄
5411.T,JFEホールディングス
4502.T,武田薬品工業
9503.T,関西電力
9502.T,中部電力
9501.T,東京電力ホールディングス
8802.T,三菱地所
8801.T,三井不動産
3003.T,ヒューリック
7202.T,いすゞ自動車
6301.T,コマツ
4183.T,三井化学
4188.T,三菱ケミカルグループ
9020.T,東日本旅客鉄道
7270.T,SUBARU
5108.T,ブリヂストン
4901.T,富士フイルムホールディングス
7011.T,三菱重工業
1951.T,エクシオグループ
2003.T,日東富士製粉
2169.T,CDS
2296.T,伊藤ハム米久ホールディングス
2393.T,日本ケアサプライ
3076.T,あいホールディングス
3231.T,野村不動産ホールディングス
3817.T,SRAホールディングス
3834.T,朝日ネット
4008.T,住友精化
4042.T,東ソー
4248.T,竹本容器
5388.T,クニミネ工業
6432.T,竹内製作所
6703.T,OKI
7820.T,ニホンフラッシュ
7994.T,オカムラ
8130.T,サンゲツ
8584.T,ジャックス
8593.T,三菱HCキャピタル
8725.T,MS&ADインシュアランスグループホールディングス
9303.T,住友倉庫
9513.T,J-POWER
9769.T,学究社
9795.T,ステップ
9986.T,蔵王産業
1343.T,東証REIT指数ETF(NEXT FUNDS)
1414.T,ショーボンドホールディングス
1723.T,日本電技
1928.T,積水ハウス
1976.T,明星工業
1980.T,ダイダン
2185.T,シイエム・シイ
2269.T,明治ホールディングス
2317.T,システナ
2391.T,プラネット
2659.T,サンエー
3333.T,あさひ
3771.T,システムリサーチ
3901.T,マークラインズ
4041.T,日本曹達
4097.T,高圧ガス工業
4205.T,日本ゼオン
4220.T,リケンテクノス
4345.T,シーティーエス
4401.T,ADEKA
4540.T,ツムラ
4674.T,クレスコ
4743.T,アイティフォー
4832.T,JFEシステムズ
5011.T,ニチレキグループ
5186.T,ニッタ
5464.T,モリ工業
6322.T,タクミナ
6345.T,アイチコーポレーション
6381.T,アネスト岩田
6454.T,マックス
6458.T,新晃工業
6539.T,MS-Japan
6652.T,IDEC
6678.T,テクノメディカ
6745.T,ホーチキ
6785.T,鈴木
7292.T,村上開明堂
7438.T,コンドーテック
7483.T,ドウシシャ
7723.T,愛知時計電機
7921.T,TAKARA & COMPANY
7931.T,未来工業
7989.T,立川ブラインド工業
9057.T,遠州トラック
9069.T,センコーグループホールディングス
9233.T,アジア航測
9304.T,澁澤倉庫
9364.T,上組
9368.T,キムラユニティー
9381.T,エーアイテイー
9687.T,KSK
9757.T,船井総研ホールディングス
9882.T,イエローハット
9960.T,東テク
208A.T,構造計画研究所ホールディングス
